12,,,,,,,,,,,
a2uhab,E,Everts,Benjamin,8263 Stacey Lane,Moscow,NE,62786,Russia,benstinks@gmail.com,benstinkssobad@outlook.com,
1kqltzg,E,Smith,John,2916 Center St,Lyons,MI,71936,US,ihatethis18@gmail.com,,
bj173ha,E,Long,Luke,4783 Swag St,Rome,NE,92786,Italy,longlegs@gmail.com,gingerboi420@amazon.co.uk,dawgkillerxd@google.es
2qyqi62,C,Reinig,Richard,4026 Poop Lane,Jefferson,WA,22182,US,livelaughlove@outlook.com,,
cy218nd,C,Nguyen,Vivian,1234 Cool Lane,Nowhere,NE,81288,US,catlvr22@yahoo.com,,
d168zb,C,Crimmins,Brendan,9821 Pleasure Point,Lincoln,NE,91277,US,epicfisherman@umich.edu,poopypants@hugedomains.com,
3qnkzu,G,Doe,Jane,10208 Lame Lane,Richmond,VI,47281,US,literallyits10pm@gmail.com,,
e71naa,G,Mahony,Max,1298 Howard Circle,Los Angeles,CA,74828,US,newyorknewschmork@sogou.com,mmmmmmmahony@patch.com,
fq9014j,G,Becker,Samuel,9373 Jim Junction,New Orleans,LA,12798,US,beanieman63@gmail.com,,
4jkg1jbh,P,Dane,Damascus,1872 Crazy St,Rapids,NE,12083,US,isitoveryet37@gmail.com,,
gn17zf2,P,Hausman,Jim,1987 Present Pass,Las Vegas,NV,82763,US,grumpyangryman@lol.edu,mrglassesguy92@sogou.com,
h1z0bew,P,Moellner,Betty,3293 6th Junction,Beaverton,MA,39282,US,ihavegrayhair22@salon.com,godimoverthisassignment@flickr.com,
